DATAFLOW_CODE,DATAFLOW_LEVEL,DATAFLOW_LEVEL_TYPE,IS_MAIN_DATAFLOW,IS_SECONDARY_DATAFLOW,MAIN_DATAFLOW_CODE,SECONDARY_DATAFLOW_CODE,PARENT_DATAFLOW_CODE,DATAFLOW_AGENCY,DATAFLOW_VERSION,DATAFLOW_NAME,DATAFLOW_DESCRIPTION,DATAFLOW_URN,DSD_URN,DSD_AGENCY,DSD_ID,DSD_VERSION
EGELC,1,MAIN,1,0,EGELC,,,ADB,1.0,Energy and Electricity,"Energy and Electricity discusses trends in energy productivity, total production and sources, and energy imports. The statistical tables cover key issues such as energy demand, supplies and uses of primary energy, and electricity consumption and generation.",urn:sdmx:org.sdmx.infomodel.datastructure.Dataflow=ADB:EGELC(1.0),urn:sdmx:org.sdmx.infomodel.datastructure.DataStructure=ADB:KIDB_DSD(1.0),ADB,KIDB_DSD,1.0
EGELC_EG,2,SECONDARY,0,1,EGELC,EGELC_EG,EGELC,ADB,1.0,"Energy and Electricity, Energy",,urn:sdmx:org.sdmx.infomodel.datastructure.Dataflow=ADB:EGELC_EG(1.0),urn:sdmx:org.sdmx.infomodel.datastructure.DataStructure=ADB:KIDB_DSD(1.0),ADB,KIDB_DSD,1.0
EGELC_ELC,2,SECONDARY,0,1,EGELC,EGELC_ELC,EGELC,ADB,1.0,"Energy and Electricity, Electricity",,urn:sdmx:org.sdmx.infomodel.datastructure.Dataflow=ADB:EGELC_ELC(1.0),urn:sdmx:org.sdmx.infomodel.datastructure.DataStructure=ADB:KIDB_DSD(1.0),ADB,KIDB_DSD,1.0
ENV,1,MAIN,1,0,ENV,,,ADB,1.0,Environment and Climate Change,"Environment includes the key issues of deforestation and greenhouse gas emissions. Indicators related to land use, forest resources, air and water pollution, and freshwater resources per capita are presented in the tables. Data on temperature and climate-related disasters are also included.",urn:sdmx:org.sdmx.infomodel.datastructure.Dataflow=ADB:ENV(1.0),urn:sdmx:org.sdmx.infomodel.datastructure.DataStructure=ADB:KIDB_DSD(1.0),ADB,KIDB_DSD,1.0
ENV_CC,2,SECONDARY,0,1,ENV,ENV_CC,ENV,ADB,1.0,"Environment and Climate Change, Climate and Climate-related disaster",,urn:sdmx:org.sdmx.infomodel.datastructure.Dataflow=ADB:ENV_CC(1.0),urn:sdmx:org.sdmx.infomodel.datastructure.DataStructure=ADB:KIDB_DSD(1.0),ADB,KIDB_DSD,1.0
ENV_FW,2,SECONDARY,0,1,ENV,ENV_FW,ENV,ADB,1.0,"Environment and Climate Change, Fresh Water",,urn:sdmx:org.sdmx.infomodel.datastructure.Dataflow=ADB:ENV_FW(1.0),urn:sdmx:org.sdmx.infomodel.datastructure.DataStructure=ADB:KIDB_DSD(1.0),ADB,KIDB_DSD,1.0
ENV_LD,2,SECONDARY,0,1,ENV,ENV_LD,ENV,ADB,1.0,"Environment and Climate Change, Land",,urn:sdmx:org.sdmx.infomodel.datastructure.Dataflow=ADB:ENV_LD(1.0),urn:sdmx:org.sdmx.infomodel.datastructure.DataStructure=ADB:KIDB_DSD(1.0),ADB,KIDB_DSD,1.0
ENV_PN,2,SECONDARY,0,1,ENV,ENV_PN,ENV,ADB,1.0,"Environment and Climate Change, Air Pollution",,urn:sdmx:org.sdmx.infomodel.datastructure.Dataflow=ADB:ENV_PN(1.0),urn:sdmx:org.sdmx.infomodel.datastructure.DataStructure=ADB:KIDB_DSD(1.0),ADB,KIDB_DSD,1.0
ENV_GGE,2,SECONDARY,0,1,ENV,ENV_GGE,ENV,ADB,1.0,"Environment and Climate Change, Greenhouse Gas Emissions",,urn:sdmx:org.sdmx.infomodel.datastructure.Dataflow=ADB:ENV_GGE(1.0),urn:sdmx:org.sdmx.infomodel.datastructure.DataStructure=ADB:KIDB_DSD(1.0),ADB,KIDB_DSD,1.0
EO,1,MAIN,1,0,EO,,,ADB,1.0,Economy and Output,"Economy and Output presents figures comparing the relative size of economies, both within Asia and the Pacific and across the world, using data on gross domestic product (GDP) expressed in current United States (US) dollars. The economic growth rates and gross fixed capital formation levels of ADB member economies in the region are also discussed under this theme. Statistical tables generated from the national accounts include GDP, value added, consumption expenditure, exports and imports, and gross domestic saving. Other tables present production indicators and trends in external trade and domestic consumption.",urn:sdmx:org.sdmx.infomodel.datastructure.Dataflow=ADB:EO(1.0),urn:sdmx:org.sdmx.infomodel.datastructure.DataStructure=ADB:KIDB_DSD(1.0),ADB,KIDB_DSD,1.0
EO_NA,2,SECONDARY,0,1,EO,EO_NA,EO,ADB,1.0,"Economy and Output, National Accounts",,urn:sdmx:org.sdmx.infomodel.datastructure.Dataflow=ADB:EO_NA(1.0),urn:sdmx:org.sdmx.infomodel.datastructure.DataStructure=ADB:KIDB_DSD(1.0),ADB,KIDB_DSD,1.0
EO_NA_CONST,2,SECONDARY,0,1,EO,EO_NA_CONST,EO,ADB,1.0,"Economy and Output, National Accounts, At Constant Prices",,urn:sdmx:org.sdmx.infomodel.datastructure.Dataflow=ADB:EO_NA_CONST(1.0),urn:sdmx:org.sdmx.infomodel.datastructure.DataStructure=ADB:KIDB_DSD(1.0),ADB,KIDB_DSD,1.0
EO_NA_CONST_GDP_EXP,2,SECONDARY,0,1,EO,EO_NA_CONST_GDP_EXP,EO,ADB,1.0,Gross domestic product by expenditure at constant prices,,urn:sdmx:org.sdmx.infomodel.datastructure.Dataflow=ADB:EO_NA_CONST_GDP_EXP(1.0),urn:sdmx:org.sdmx.infomodel.datastructure.DataStructure=ADB:KIDB_DSD(1.0),ADB,KIDB_DSD,1.0
EO_NA_CONST_GOD,2,SECONDARY,0,1,EO,EO_NA_CONST_GOD,EO,ADB,1.0,Growth of Demand (% annual change),,urn:sdmx:org.sdmx.infomodel.datastructure.Dataflow=ADB:EO_NA_CONST_GOD(1.0),urn:sdmx:org.sdmx.infomodel.datastructure.DataStructure=ADB:KIDB_DSD(1.0),ADB,KIDB_DSD,1.0
EO_NA_CONST_GOO,2,SECONDARY,0,1,EO,EO_NA_CONST_GOO,EO,ADB,1.0,Growth of Output (% annual change),,urn:sdmx:org.sdmx.infomodel.datastructure.Dataflow=ADB:EO_NA_CONST_GOO(1.0),urn:sdmx:org.sdmx.infomodel.datastructure.DataStructure=ADB:KIDB_DSD(1.0),ADB,KIDB_DSD,1.0
EO_NA_CONST_GVA,2,SECONDARY,0,1,EO,EO_NA_CONST_GVA,EO,ADB,1.0,Gross value added by industry at constant prices,,urn:sdmx:org.sdmx.infomodel.datastructure.Dataflow=ADB:EO_NA_CONST_GVA(1.0),urn:sdmx:org.sdmx.infomodel.datastructure.DataStructure=ADB:KIDB_DSD(1.0),ADB,KIDB_DSD,1.0
EO_NA_CURR,2,SECONDARY,0,1,EO,EO_NA_CURR,EO,ADB,1.0,"Economy and Output, National Accounts, At Current Prices",,urn:sdmx:org.sdmx.infomodel.datastructure.Dataflow=ADB:EO_NA_CURR(1.0),urn:sdmx:org.sdmx.infomodel.datastructure.DataStructure=ADB:KIDB_DSD(1.0),ADB,KIDB_DSD,1.0
EO_NA_CURR_GDP_EXP,2,SECONDARY,0,1,EO,EO_NA_CURR_GDP_EXP,EO,ADB,1.0,Gross domestic product by expenditure at current prices,,urn:sdmx:org.sdmx.infomodel.datastructure.Dataflow=ADB:EO_NA_CURR_GDP_EXP(1.0),urn:sdmx:org.sdmx.infomodel.datastructure.DataStructure=ADB:KIDB_DSD(1.0),ADB,KIDB_DSD,1.0
EO_NA_CURR_GDP_SOD,2,SECONDARY,0,1,EO,EO_NA_CURR_GDP_SOD,EO,ADB,1.0,Structure of Demand (% of GDP at current market prices),,urn:sdmx:org.sdmx.infomodel.datastructure.Dataflow=ADB:EO_NA_CURR_GDP_SOD(1.0),urn:sdmx:org.sdmx.infomodel.datastructure.DataStructure=ADB:KIDB_DSD(1.0),ADB,KIDB_DSD,1.0
EO_NA_CURR_GDP_SOO,2,SECONDARY,0,1,EO,EO_NA_CURR_GDP_SOO,EO,ADB,1.0,Structure of Output (% of GDP at current market prices),,urn:sdmx:org.sdmx.infomodel.datastructure.Dataflow=ADB:EO_NA_CURR_GDP_SOO(1.0),urn:sdmx:org.sdmx.infomodel.datastructure.DataStructure=ADB:KIDB_DSD(1.0),ADB,KIDB_DSD,1.0
EO_NA_CURR_GVA,2,SECONDARY,0,1,EO,EO_NA_CURR_GVA,EO,ADB,1.0,Gross value added by industry at current prices,,urn:sdmx:org.sdmx.infomodel.datastructure.Dataflow=ADB:EO_NA_CURR_GVA(1.0),urn:sdmx:org.sdmx.infomodel.datastructure.DataStructure=ADB:KIDB_DSD(1.0),ADB,KIDB_DSD,1.0
EO_NA_INV_FIN,2,SECONDARY,0,1,EO,EO_NA_INV_FIN,EO,ADB,1.0,"Economy and Output, National Accounts, Investment Financing at Current Prices",,urn:sdmx:org.sdmx.infomodel.datastructure.Dataflow=ADB:EO_NA_INV_FIN(1.0),urn:sdmx:org.sdmx.infomodel.datastructure.DataStructure=ADB:KIDB_DSD(1.0),ADB,KIDB_DSD,1.0
EO_PRIX,2,SECONDARY,0,1,EO,EO_PRIX,EO,ADB,1.0,"Economy and Output, Production Index",,urn:sdmx:org.sdmx.infomodel.datastructure.Dataflow=ADB:EO_PRIX(1.0),urn:sdmx:org.sdmx.infomodel.datastructure.DataStructure=ADB:KIDB_DSD(1.0),ADB,KIDB_DSD,1.0
GG,1,MAIN,1,0,GG,,,ADB,1.0,Government and Governance,"Government and Governance presents statistics on the revenues and expenditures of governments across Asia and the Pacific; their fiscal balances; their expenditures on health and education services, and their financial commitments to social security and welfare. The theme’s discussion focuses on government taxes as a proportion of GDP, latest global rankings for Transparency International’s Corruption Perceptions Index, and the most recent overall score on the operational efficiency of business entry.",urn:sdmx:org.sdmx.infomodel.datastructure.Dataflow=ADB:GG(1.0),urn:sdmx:org.sdmx.infomodel.datastructure.DataStructure=ADB:KIDB_DSD(1.0),ADB,KIDB_DSD,1.0
GG_GF,2,SECONDARY,0,1,GG,GG_GF,GG,ADB,1.0,"Government and Governance, Government Finance",,urn:sdmx:org.sdmx.infomodel.datastructure.Dataflow=ADB:GG_GF(1.0),urn:sdmx:org.sdmx.infomodel.datastructure.DataStructure=ADB:KIDB_DSD(1.0),ADB,KIDB_DSD,1.0
GG_GV,2,SECONDARY,0,1,GG,GG_GV,GG,ADB,1.0,"Government and Governance, Governance",,urn:sdmx:org.sdmx.infomodel.datastructure.Dataflow=ADB:GG_GV(1.0),urn:sdmx:org.sdmx.infomodel.datastructure.DataStructure=ADB:KIDB_DSD(1.0),ADB,KIDB_DSD,1.0
GLB,1,MAIN,1,0,GLB,,,ADB,1.0,Globalization,"Globalization focuses on trends in remittances, foreign direct investment (FDI), and merchandise exports. The statistical tables cover balance of payments, external trade, international reserves, capital flows, external indebtedness, and tourism.",urn:sdmx:org.sdmx.infomodel.datastructure.Dataflow=ADB:GLB(1.0),urn:sdmx:org.sdmx.infomodel.datastructure.DataStructure=ADB:KIDB_DSD(1.0),ADB,KIDB_DSD,1.0
GLB_BP,2,SECONDARY,0,1,GLB,GLB_BP,GLB,ADB,1.0,"Globalization, Balance of Payments",,urn:sdmx:org.sdmx.infomodel.datastructure.Dataflow=ADB:GLB_BP(1.0),urn:sdmx:org.sdmx.infomodel.datastructure.DataStructure=ADB:KIDB_DSD(1.0),ADB,KIDB_DSD,1.0
GLB_CF,2,SECONDARY,0,1,GLB,GLB_CF,GLB,ADB,1.0,"Globalization, Capital Flows",,urn:sdmx:org.sdmx.infomodel.datastructure.Dataflow=ADB:GLB_CF(1.0),urn:sdmx:org.sdmx.infomodel.datastructure.DataStructure=ADB:KIDB_DSD(1.0),ADB,KIDB_DSD,1.0
GLB_EI,2,SECONDARY,0,1,GLB,GLB_EI,GLB,ADB,1.0,"Globalization, External Indebtedness",,urn:sdmx:org.sdmx.infomodel.datastructure.Dataflow=ADB:GLB_EI(1.0),urn:sdmx:org.sdmx.infomodel.datastructure.DataStructure=ADB:KIDB_DSD(1.0),ADB,KIDB_DSD,1.0
GLB_ET,2,SECONDARY,0,1,GLB,GLB_ET,GLB,ADB,1.0,"Globalization, External Trade",,urn:sdmx:org.sdmx.infomodel.datastructure.Dataflow=ADB:GLB_ET(1.0),urn:sdmx:org.sdmx.infomodel.datastructure.DataStructure=ADB:KIDB_DSD(1.0),ADB,KIDB_DSD,1.0
GLB_IR,2,SECONDARY,0,1,GLB,GLB_IR,GLB,ADB,1.0,"Globalization, International Reserves",,urn:sdmx:org.sdmx.infomodel.datastructure.Dataflow=ADB:GLB_IR(1.0),urn:sdmx:org.sdmx.infomodel.datastructure.DataStructure=ADB:KIDB_DSD(1.0),ADB,KIDB_DSD,1.0
GLB_TM,2,SECONDARY,0,1,GLB,GLB_TM,GLB,ADB,1.0,"Globalization, Tourism",,urn:sdmx:org.sdmx.infomodel.datastructure.Dataflow=ADB:GLB_TM(1.0),urn:sdmx:org.sdmx.infomodel.datastructure.DataStructure=ADB:KIDB_DSD(1.0),ADB,KIDB_DSD,1.0
MFP,1,MAIN,1,0,MFP,,,ADB,1.0,"Money, Finance, and Prices","Money, Finance, and Prices summarizes the latest statistics on consumer price inflation and nonperforming loans. Other monetary and financial statistics include producer price inflation, interest rates, bank lending, official exchange rates, and stock market capitalization and growth rates.",urn:sdmx:org.sdmx.infomodel.datastructure.Dataflow=ADB:MFP(1.0),urn:sdmx:org.sdmx.infomodel.datastructure.DataStructure=ADB:KIDB_DSD(1.0),ADB,KIDB_DSD,1.0
MFP_MF,2,SECONDARY,0,1,MFP,MFP_MF,MFP,ADB,1.0,"Money, Finance, and Prices, Money and Finance",,urn:sdmx:org.sdmx.infomodel.datastructure.Dataflow=ADB:MFP_MF(1.0),urn:sdmx:org.sdmx.infomodel.datastructure.DataStructure=ADB:KIDB_DSD(1.0),ADB,KIDB_DSD,1.0
MFP_PR,2,SECONDARY,0,1,MFP,MFP_PR,MFP,ADB,1.0,"Money, Finance, and Prices, Prices",,urn:sdmx:org.sdmx.infomodel.datastructure.Dataflow=ADB:MFP_PR(1.0),urn:sdmx:org.sdmx.infomodel.datastructure.DataStructure=ADB:KIDB_DSD(1.0),ADB,KIDB_DSD,1.0
MFP_XR,2,SECONDARY,0,1,MFP,MFP_XR,MFP,ADB,1.0,"Money, Finance, and Prices, Exchange Rates",,urn:sdmx:org.sdmx.infomodel.datastructure.Dataflow=ADB:MFP_XR(1.0),urn:sdmx:org.sdmx.infomodel.datastructure.DataStructure=ADB:KIDB_DSD(1.0),ADB,KIDB_DSD,1.0
PPL,1,MAIN,1,0,PPL,,,ADB,1.0,People,"People highlights standard demographic indicators such as population size, years of schooling, and the number of physicians and hospital beds per 1,000 people. The tables in this section present data on migration and urbanization; age structure; birth, death, and fertility rates; age dependency ratios; employment; poverty and inequality; health and education resources; and the Human Development Index.",urn:sdmx:org.sdmx.infomodel.datastructure.Dataflow=ADB:PPL(1.0),urn:sdmx:org.sdmx.infomodel.datastructure.DataStructure=ADB:KIDB_DSD(1.0),ADB,KIDB_DSD,1.0
PPL_LE,2,SECONDARY,0,1,PPL,PPL_LE,PPL,ADB,1.0,"People, Labor Force and Employment",,urn:sdmx:org.sdmx.infomodel.datastructure.Dataflow=ADB:PPL_LE(1.0),urn:sdmx:org.sdmx.infomodel.datastructure.DataStructure=ADB:KIDB_DSD(1.0),ADB,KIDB_DSD,1.0
PPL_POP,2,SECONDARY,0,1,PPL,PPL_POP,PPL,ADB,1.0,"People, Population",,urn:sdmx:org.sdmx.infomodel.datastructure.Dataflow=ADB:PPL_POP(1.0),urn:sdmx:org.sdmx.infomodel.datastructure.DataStructure=ADB:KIDB_DSD(1.0),ADB,KIDB_DSD,1.0
PPL_POV,2,SECONDARY,0,1,PPL,PPL_POV,PPL,ADB,1.0,"People, Poverty Indicators",,urn:sdmx:org.sdmx.infomodel.datastructure.Dataflow=ADB:PPL_POV(1.0),urn:sdmx:org.sdmx.infomodel.datastructure.DataStructure=ADB:KIDB_DSD(1.0),ADB,KIDB_DSD,1.0
PPL_SI,2,SECONDARY,0,1,PPL,PPL_SI,PPL,ADB,1.0,"People, Social Indicators",,urn:sdmx:org.sdmx.infomodel.datastructure.Dataflow=ADB:PPL_SI(1.0),urn:sdmx:org.sdmx.infomodel.datastructure.DataStructure=ADB:KIDB_DSD(1.0),ADB,KIDB_DSD,1.0
SDG,1,MAIN,1,0,SDG,,,ADB,1.0,Sustainable Development Goals (SDGs),,urn:sdmx:org.sdmx.infomodel.datastructure.Dataflow=ADB:SDG(1.0),urn:sdmx:org.sdmx.infomodel.datastructure.DataStructure=ADB:KIDB_DSD(1.0),ADB,KIDB_DSD,1.0
SDG_01,2,SECONDARY,0,1,SDG,SDG_01,SDG,ADB,1.0,Goal 1 - No Poverty,"Eliminating extreme poverty is the first objective of the SDGs. To achieve this goal, economies must generate gainful employment opportunities for the poor and vulnerable and provide requisite social protection benefits to them.",urn:sdmx:org.sdmx.infomodel.datastructure.Dataflow=ADB:SDG_01(1.0),urn:sdmx:org.sdmx.infomodel.datastructure.DataStructure=ADB:KIDB_DSD(1.0),ADB,KIDB_DSD,1.0
SDG_02,2,SECONDARY,0,1,SDG,SDG_02,SDG,ADB,1.0,Goal 2 - Zero Hunger,"Although significant progress has been made towards meeting food security and nutritional needs in Asia and the Pacific, hunger and malnutrition persist. Children below the age of 5 years are especially vulnerable to food insecurity and malnutrition. Solutions for ending hunger, reducing food insecurity, and eliminating malnutrition require widespread promotion of sustainable agriculture, increased investment in agriculture, and better access to food.",urn:sdmx:org.sdmx.infomodel.datastructure.Dataflow=ADB:SDG_02(1.0),urn:sdmx:org.sdmx.infomodel.datastructure.DataStructure=ADB:KIDB_DSD(1.0),ADB,KIDB_DSD,1.0
SDG_03,2,SECONDARY,0,1,SDG,SDG_03,SDG,ADB,1.0,Goal 3 - Good health and well-being,"While everyone has the right to live healthily throughout their lifetime, providing adequate health care is a significant challenge. Monitoring SDG 3 will require high-quality, timely, and more disaggregated data on health indicators related to reproductive, maternal, and child health; HIV/AIDS; malaria; tuberculosis; and tropical, noncommunicable, and environmental diseases. Ensuring universal health coverage and access to safe, affordable, and effective medicines and vaccines would be a step forward in achieving the targets set for this goal.",urn:sdmx:org.sdmx.infomodel.datastructure.Dataflow=ADB:SDG_03(1.0),urn:sdmx:org.sdmx.infomodel.datastructure.DataStructure=ADB:KIDB_DSD(1.0),ADB,KIDB_DSD,1.0
SDG_04,2,SECONDARY,0,1,SDG,SDG_04,SDG,ADB,1.0,Goal 4 - Quality Education,"SDG 4 emphasizes that, not only is education a human right, but quality education, relevant training, and opportunities for lifelong learning should be accessible to all. Achieving SDG 4 requires an improvement in the quality of education across the social spectrum, to ensure access to economic opportunities and better income prospects for all.",urn:sdmx:org.sdmx.infomodel.datastructure.Dataflow=ADB:SDG_04(1.0),urn:sdmx:org.sdmx.infomodel.datastructure.DataStructure=ADB:KIDB_DSD(1.0),ADB,KIDB_DSD,1.0
SDG_05,2,SECONDARY,0,1,SDG,SDG_05,SDG,ADB,1.0,Goal 5 - Gender equality,"Gender equality is at the core of the SDGs and eliminating discrimination against women due to unfair social norms, general attitudes, and other factors requires women and girls to feel empowered.",urn:sdmx:org.sdmx.infomodel.datastructure.Dataflow=ADB:SDG_05(1.0),urn:sdmx:org.sdmx.infomodel.datastructure.DataStructure=ADB:KIDB_DSD(1.0),ADB,KIDB_DSD,1.0
SDG_06,2,SECONDARY,0,1,SDG,SDG_06,SDG,ADB,1.0,Goal 6 - Clean water and sanitation,"Water supply, sanitation, and hygiene are interlinked with poverty, health, gender, environment, and governance. Improper management of water and sanitation services can put people at risk of contracting a wide range of preventable diseases. SDG 6 aims for universal access to safe water and sanitation as well as promoting adequate hygiene services.",urn:sdmx:org.sdmx.infomodel.datastructure.Dataflow=ADB:SDG_06(1.0),urn:sdmx:org.sdmx.infomodel.datastructure.DataStructure=ADB:KIDB_DSD(1.0),ADB,KIDB_DSD,1.0
SDG_07,2,SECONDARY,0,1,SDG,SDG_07,SDG,ADB,1.0,Goal 7 - Affordable and clean energy,"The pursuit of SDG 7 is a path toward broader access to affordable and clean energy and improved use of renewable energy by 2030. This requires expanding access to electricity and clean cooking fuels, building sustainable infrastructure, and increasing the financial capacity and willingness of societies to embrace new technologies.",urn:sdmx:org.sdmx.infomodel.datastructure.Dataflow=ADB:SDG_07(1.0),urn:sdmx:org.sdmx.infomodel.datastructure.DataStructure=ADB:KIDB_DSD(1.0),ADB,KIDB_DSD,1.0
SDG_08,2,SECONDARY,0,1,SDG,SDG_08,SDG,ADB,1.0,Goal 8 - Decent work and economic growth,"Economies aim for broad-based, inclusive, and sustainable economic growth to provide better prospects, welfare, and opportunities for their citizens. Providing access to better jobs is essential to ensure sustainable economic growth and development. It is the core objective of SDG 8. Sustaining high levels of economic growth, achieving full and productive employment, and ensuring decent work for all will be challenging if economies continue to deplete their natural resources and do not leverage technology.",urn:sdmx:org.sdmx.infomodel.datastructure.Dataflow=ADB:SDG_08(1.0),urn:sdmx:org.sdmx.infomodel.datastructure.DataStructure=ADB:KIDB_DSD(1.0),ADB,KIDB_DSD,1.0
SDG_09,2,SECONDARY,0,1,SDG,SDG_09,SDG,ADB,1.0,"Goal 9 - Industry, Innovation, and Infrastructure","Amid the vastly changing landscape in manufacturing and trade brought about by technological innovations, SDG 9 seeks to strengthen supply chains and retrofit industries across economies. Investments in smart infrastructure and innovation are also needed to stimulate economic activity that ensures sustainable industrialization while achieving growth in wealth and productivity.",urn:sdmx:org.sdmx.infomodel.datastructure.Dataflow=ADB:SDG_09(1.0),urn:sdmx:org.sdmx.infomodel.datastructure.DataStructure=ADB:KIDB_DSD(1.0),ADB,KIDB_DSD,1.0
SDG_10,2,SECONDARY,0,1,SDG,SDG_10,SDG,ADB,1.0,Goal 10 - Reduced inequality,"Across Asia and the Pacific, there remains unequal access to opportunities, public goods, and essential services among various groups. Inequality created by factors such as level of wealth, sex, residence, disability status, ethnicity, and migration status can create barriers to social mobility and economic growth. SDG 10 aims to provide more equitable access to opportunities, so that all people can be given a chance to participate in growth processes and fully realize their potential.",urn:sdmx:org.sdmx.infomodel.datastructure.Dataflow=ADB:SDG_10(1.0),urn:sdmx:org.sdmx.infomodel.datastructure.DataStructure=ADB:KIDB_DSD(1.0),ADB,KIDB_DSD,1.0
SDG_11,2,SECONDARY,0,1,SDG,SDG_11,SDG,ADB,1.0,Goal 11 - Sustainable cities and communities,"Nearly half the population of Asia and the Pacific resides in urban areas. As cities continue to be engines of economic growth and offer opportunities for improved welfare, urban populations in the region are expected to overtake those of rural areas by 2022 (United Nations Department of Economic and Social Affairs 2018). SDG 11, which aims to ensure access to safe housing and affordable transport and to build resilience in cities for all, will only be achieved if urban planning and management efforts are scaled up. These efforts must address the need to convert informal settlements into sustainable and resilient living communities and to bring air-pollution levels to internationally acceptable standards.",urn:sdmx:org.sdmx.infomodel.datastructure.Dataflow=ADB:SDG_11(1.0),urn:sdmx:org.sdmx.infomodel.datastructure.DataStructure=ADB:KIDB_DSD(1.0),ADB,KIDB_DSD,1.0
SDG_12,2,SECONDARY,0,1,SDG,SDG_12,SDG,ADB,1.0,Goal 12 - Responsible consumption and production,"Across the world, increased demands for food, water, energy, and other vital necessities are driven by population growth and rising urbanization. Meeting these demands has affected past and present patterns of consumption and production. SDG 12 aims to reduce the world’s ecological footprint by fostering sustainable ways to produce and consume goods, services, and resources. The efficient management of shared natural resources, and the reduction of toxic waste and pollutants throughout the entire production and consumption process, are critical to attaining sustainable development.",urn:sdmx:org.sdmx.infomodel.datastructure.Dataflow=ADB:SDG_12(1.0),urn:sdmx:org.sdmx.infomodel.datastructure.DataStructure=ADB:KIDB_DSD(1.0),ADB,KIDB_DSD,1.0
SDG_13,2,SECONDARY,0,1,SDG,SDG_13,SDG,ADB,1.0,Goal 13 - Climate action,"The increasing frequency and intensity of extreme weather events, rising sea levels, and other volatile climatic variables are of global concern. Among other issues, the impacts of climate change can affect livelihoods, food production, energy security, and social cohesion. Consequently, economies have committed to actions to combat climate change. SDG 13 focuses on development that is sensitive to climate change and its impacts, especially for the most vulnerable in society.",urn:sdmx:org.sdmx.infomodel.datastructure.Dataflow=ADB:SDG_13(1.0),urn:sdmx:org.sdmx.infomodel.datastructure.DataStructure=ADB:KIDB_DSD(1.0),ADB,KIDB_DSD,1.0
SDG_14,2,SECONDARY,0,1,SDG,SDG_14,SDG,ADB,1.0,Goal 14 - Life below water,"While seas and oceans cover nearly 70% of the planet’s surface and play a critical role in the provision of vital ecosystems, their deterioration has been a result of overexploitation, pollution, and the impacts of climate change. SDG 14 emphasizes the use and conservation of the ocean and its resources, including coastal areas. This entails directing human behavior toward sustainable practices and actions to preserve the pristine nature of our oceans, seas, and marine environments.",urn:sdmx:org.sdmx.infomodel.datastructure.Dataflow=ADB:SDG_14(1.0),urn:sdmx:org.sdmx.infomodel.datastructure.DataStructure=ADB:KIDB_DSD(1.0),ADB,KIDB_DSD,1.0
SDG_15,2,SECONDARY,0,1,SDG,SDG_15,SDG,ADB,1.0,Goal 15 - Life on land,"Our lives, livelihoods, and continued sustenance hinge on the health of the earth’s terrestrial ecosystems. Human activity, however, can harm the planet’s delicately poised habitats and ecosystems. Vigorous efforts are required for promoting the sustainable use of forests, wetlands, drylands, and mountains. Economies of the world must work to reduce the losses of natural habitats and biodiversity, halt and reverse land degradation, halt desertification and revitalize desert areas, and reduce the threat of extinction to many plant and animal species. SDG 15 emphasizes the need for urgent action to improve the management of natural resources to ensure that future generations will continue to benefit from terrestrial and related ecosystems.",urn:sdmx:org.sdmx.infomodel.datastructure.Dataflow=ADB:SDG_15(1.0),urn:sdmx:org.sdmx.infomodel.datastructure.DataStructure=ADB:KIDB_DSD(1.0),ADB,KIDB_DSD,1.0
SDG_16,2,SECONDARY,0,1,SDG,SDG_16,SDG,ADB,1.0,"Goal 16 - Peace, justice and strong institutions","SDG 16 aims to promote peaceful and inclusive societies by providing access to justice for all and building effective, transparent, and accountable institutions at all levels to uphold political stability, human rights, and the rule of law.",urn:sdmx:org.sdmx.infomodel.datastructure.Dataflow=ADB:SDG_16(1.0),urn:sdmx:org.sdmx.infomodel.datastructure.DataStructure=ADB:KIDB_DSD(1.0),ADB,KIDB_DSD,1.0
SDG_17,2,SECONDARY,0,1,SDG,SDG_17,SDG,ADB,1.0,Goal 17 - Partnership for the goals,"Ensuring that the targets and goals for sustainable development are achieved requires effective partnerships, since the SDGs are more ambitious and larger in scope than their predecessors, the Millennium Development Goals (MDGs). SDG 17 aims to ensure that no one is left behind as economies of the world grow and prosper. It is important that governments, development agencies, and other stakeholders work cohesively towards finding creative solutions to finance better quality statistical data, increase transparency in monitoring and accountability, and leverage partnerships to support the most vulnerable communities, including those in least developed economies, landlocked developing economies, and small-island developing states.",urn:sdmx:org.sdmx.infomodel.datastructure.Dataflow=ADB:SDG_17(1.0),urn:sdmx:org.sdmx.infomodel.datastructure.DataStructure=ADB:KIDB_DSD(1.0),ADB,KIDB_DSD,1.0
TC,1,MAIN,1,0,TC,,,ADB,1.0,Transport and Communication,"Transport and Communications features a discussion on air passenger traffic in Asia and the Pacific. Other data topics include container port traffic; road and rail networks; motor vehicle ownership, injuries, and fatalities; internet usage and penetration rates; mobile telephone subscriptions; and fixed telephone subscriptions.",urn:sdmx:org.sdmx.infomodel.datastructure.Dataflow=ADB:TC(1.0),urn:sdmx:org.sdmx.infomodel.datastructure.DataStructure=ADB:KIDB_DSD(1.0),ADB,KIDB_DSD,1.0
TC_COM,2,SECONDARY,0,1,TC,TC_COM,TC,ADB,1.0,"Transport and Communication, Communications",,urn:sdmx:org.sdmx.infomodel.datastructure.Dataflow=ADB:TC_COM(1.0),urn:sdmx:org.sdmx.infomodel.datastructure.DataStructure=ADB:KIDB_DSD(1.0),ADB,KIDB_DSD,1.0
TC_TR,2,SECONDARY,0,1,TC,TC_TR,TC,ADB,1.0,"Transport and Communication, Transport",,urn:sdmx:org.sdmx.infomodel.datastructure.Dataflow=ADB:TC_TR(1.0),urn:sdmx:org.sdmx.infomodel.datastructure.DataStructure=ADB:KIDB_DSD(1.0),ADB,KIDB_DSD,1.0
